creator_id,id,title,timestamp,analysis
@smiletojannah,cwOPw3fBMs4,LIVE Q&A With Smile2Jannah (Iftaar Special),1748971381.998775,"{""overall_sentiment_distribution"": {""positive"": 10, ""neutral"": 0, ""negative"": 0}, ""dominant_emotions"": [""joy"", ""love"", ""support""], ""toxic_comment_count"": 0, ""controversy_score"": 0.1, ""key_topics"": [""Ramadan"", ""podcast suggestion"", ""language appreciation"", ""support for content creator""], ""frequent_bias_or_group_mentions"": [""Brother Zeeshan"", ""Brother Ali Dawah"", ""Brother Muhammad Hijab""], ""sarcasm_detected"": false, ""languages_detected"": [""English"", ""Bangla""], ""spam_comment_count"": 1, ""summary"": ""The comment section is overwhelmingly positive, filled with expressions of love, support, and appreciation for the content creator and the content. There's a strong sense of community and shared religious and cultural identity, with no toxicity detected and minimal controversy."", ""title"": ""LIVE Q&A With Smile2Jannah (Iftaar Special)"", ""uploader_id"": ""@smiletojannah""}"
@smiletojannah,dua91-ntjgU,Irishman Gets Revenge on Israeli Soldier,1748971397.916877,"{""overall_sentiment_distribution"": {""positive"": 10, ""neutral"": 2, ""negative"": 8}, ""dominant_emotions"": [""anger"", ""joy"", ""sarcasm""], ""toxic_comment_count"": 5, ""controversy_score"": 0.85, ""key_topics"": [""Free Palestine"", ""Irish support for Palestine"", ""criticism of Israel"", ""Islam and peace"", ""nationalism""], ""frequent_bias_or_group_mentions"": [""Irish"", ""Palestinians"", ""Israel"", ""Muslims"", ""Jews""], ""sarcasm_detected"": true, ""languages_detected"": [""English"", ""French"", ""Arabic""], ""spam_comment_count"": 0, ""summary"": ""The comment section is highly polarized with strong support for Palestine and Irish solidarity, alongside significant criticism of Israel and accusations of bias. Emotions range from joy and respect to anger and sarcasm, with a notable presence of toxic comments. The discussion is deeply entrenched in political and religious themes, reflecting a high level of controversy."", ""title"": ""Irishman Gets Revenge on Israeli Soldier"", ""uploader_id"": ""@smiletojannah""}"
@smiletojannah,M88UpaT_iio,He Ran Over 72 ‚Äî Media Defended Him #liverpool,1748971426.495301,"{""overall_sentiment_distribution"": {""positive"": 2, ""neutral"": 3, ""negative"": 25}, ""dominant_emotions"": [""anger"", ""sarcasm"", ""disgust""], ""toxic_comment_count"": 15, ""controversy_score"": 0.9, ""key_topics"": [""media bias"", ""racial and religious discrimination"", ""terrorism"", ""hypocrisy in Western media""], ""frequent_bias_or_group_mentions"": [""Muslims"", ""Christians"", ""Jews"", ""Western media"", ""white people""], ""sarcasm_detected"": true, ""languages_detected"": [""English"", ""Arabic""], ""spam_comment_count"": 0, ""summary"": ""The comment section is highly polarized and emotionally charged, with a strong focus on criticizing Western media's portrayal of terrorism and racial biases. There's a significant amount of toxicity, sarcasm, and anger, reflecting deep societal divisions and controversies. The comments frequently mention media bias, racial and religious discrimination, and hypocrisy, with a notable presence of sarcasm and calls for justice."", ""title"": ""He Ran Over 72 \u2014 Media Defended Him #liverpool"", ""uploader_id"": ""@smiletojannah""}"
@smiletojannah,yn-IiJODZLc,LIVE Q&A With Smile2Jannah,1748971452.408619,"{""overall_sentiment_distribution"": {""positive"": 4, ""neutral"": 2, ""negative"": 3}, ""dominant_emotions"": [""joy"", ""anger"", ""concern""], ""toxic_comment_count"": 2, ""controversy_score"": 0.65, ""key_topics"": [""religious conversion"", ""debate challenges"", ""censorship on YouTube"", ""Palestinian aid"", ""nasheed music""], ""frequent_bias_or_group_mentions"": [""Muslims"", ""Palestine"", ""Adam Seeker"", ""Muhammad Hijab"", ""Pierce""], ""sarcasm_detected"": true, ""languages_detected"": [""English"", ""Urdu"", ""Arabic""], ""spam_comment_count"": 1, ""summary"": ""The comment section reflects a mix of religious solidarity, calls for action on Palestinian issues, and challenges for debate. There's a notable presence of joy and concern, alongside some toxicity and sarcasm. The discussion is polarized with a focus on religious and geopolitical topics."", ""title"": ""LIVE Q&A With Smile2Jannah"", ""uploader_id"": ""@smiletojannah""}"
@thedeshbhakt,6DTys4OCPhs,Now Youtube Vs Youtubers? | How Content Creators Are Being Snuffed Out In India | Akash Banerjee,1748971468.815305,"{""overall_sentiment_distribution"": {""positive"": 4, ""neutral"": 2, ""negative"": 10}, ""dominant_emotions"": [""anger"", ""frustration"", ""support"", ""sarcasm""], ""toxic_comment_count"": 5, ""controversy_score"": 0.85, ""key_topics"": [""YouTube's copyright policy"", ""freedom of expression"", ""government and media relations"", ""support for content creators""], ""frequent_bias_or_group_mentions"": [""ANI"", ""Indian government"", ""content creators"", ""Supreme Court of India""], ""sarcasm_detected"": true, ""languages_detected"": [""English"", ""Hindi""], ""spam_comment_count"": 1, ""summary"": ""The comment section reflects a high level of frustration and anger towards YouTube's copyright policy and its perceived misuse, particularly in India. There's strong support for content creators and calls for action against perceived injustices. The discussion is polarized, with significant mentions of the Indian government and media bias. Sarcasm and toxic comments are present, indicating a heated debate. The community shows solidarity across borders, with a mention of Nepal's stance on digital freedom."", ""title"": ""Now Youtube Vs Youtubers? | How Content Creators Are Being Snuffed Out In India | Akash Banerjee"", ""uploader_id"": ""@thedeshbhakt""}"
@thedeshbhakt,mGjeWrERxPg,How Long Can Pakistani Army Keep Lying To Its Own People About Terror? | Akash Banerjee & Adwaith,1748971484.520454,"{""overall_sentiment_distribution"": {""positive"": 0, ""neutral"": 0, ""negative"": 1}, ""dominant_emotions"": [""anger"", ""concern"", ""frustration""], ""toxic_comment_count"": 0, ""controversy_score"": 0.8, ""key_topics"": [""Pakistan Army"", ""ISI links with terror"", ""freedom of speech in Pakistan""], ""frequent_bias_or_group_mentions"": [""Pakistan"", ""terrorism"", ""state policy""], ""sarcasm_detected"": false, ""languages_detected"": [""English""], ""spam_comment_count"": 0, ""summary"": ""The comment reflects a strong negative sentiment, focusing on concerns about the Pakistan Army and ISI's alleged links with terrorism, and questions the freedom of speech in Pakistan regarding these issues. The controversy score is high, indicating a polarizing topic."", ""title"": ""How Long Can Pakistani Army Keep Lying To Its Own People About Terror? | Akash Banerjee & Adwaith"", ""uploader_id"": ""@thedeshbhakt""}"
@thedeshbhakt,x55BVjUo77U,Why Is Modi Govt Hiding The Truth Of Operation Sindoor?  | SNL with Akash Banerjee,1748971499.308644,"{""overall_sentiment_distribution"": {""positive"": 5, ""neutral"": 3, ""negative"": 15}, ""dominant_emotions"": [""anger"", ""sarcasm"", ""joy"", ""disappointment""], ""toxic_comment_count"": 8, ""controversy_score"": 0.85, ""key_topics"": [""political bias"", ""nationalism"", ""India-Pakistan relations"", ""government criticism"", ""media integrity""], ""frequent_bias_or_group_mentions"": [""Modi"", ""Rahul Gandhi"", ""Pakistan"", ""Indian Army"", ""Deshbhakt""], ""sarcasm_detected"": true, ""languages_detected"": [""English"", ""Hindi"", ""Urdu""], ""spam_comment_count"": 1, ""summary"": ""The comment section is highly polarized with a strong presence of nationalistic sentiments, criticism towards the government and media, and a notable amount of toxicity. There's a significant level of controversy and emotional engagement, with sarcasm and anger being prevalent. The discussion spans across various political and social issues, reflecting deep divisions and passionate viewpoints."", ""title"": ""Why Is Modi Govt Hiding The Truth Of Operation Sindoor?  | SNL with Akash Banerjee"", ""uploader_id"": ""@thedeshbhakt""}"
@thedeshbhakt,wvBLz5ViSvs,Atul Subhash's Family Waits For Justice (As do thousands others) | 498A | SNL with Akash Banerjee,1748971518.319328,"{""overall_sentiment_distribution"": {""positive"": 3, ""neutral"": 5, ""negative"": 22}, ""dominant_emotions"": [""anger"", ""frustration"", ""sarcasm"", ""despair""], ""toxic_comment_count"": 15, ""controversy_score"": 0.85, ""key_topics"": [""gender-neutral laws"", ""domestic violence"", ""legal system bias"", ""suicide"", ""marriage and divorce"", ""maintenance and alimony"", ""false accusations""], ""frequent_bias_or_group_mentions"": [""men"", ""women"", ""judiciary"", ""government"", ""NGOs""], ""sarcasm_detected"": true, ""languages_detected"": [""English"", ""Hindi""], ""spam_comment_count"": 2, ""summary"": ""The comment section is highly polarized and emotionally charged, with a strong focus on perceived injustices in the legal system, especially regarding gender-neutral laws, domestic violence, and the treatment of men in divorce and alimony cases. There's a significant amount of frustration and anger directed towards the judiciary and government, with many comments advocating for legal reforms. The presence of sarcasm and toxic comments indicates a deeply contentious discussion, with a notable mention of suicide as a desperate outcome for some individuals facing these issues."", ""title"": ""Atul Subhash's Family Waits For Justice (As do thousands others) | 498A | SNL with Akash Banerjee"", ""uploader_id"": ""@thedeshbhakt""}"
@MuslimSkeptic,APA0htT-AV0,üî• Wahhabism: Uncovering the Hidden Truth,1748971530.594893,"{""overall_sentiment_distribution"": {""positive"": 0, ""neutral"": 1, ""negative"": 0}, ""dominant_emotions"": [""confusion"", ""suspicion""], ""toxic_comment_count"": 0, ""controversy_score"": 0.5, ""key_topics"": [""religious figures"", ""language barriers"", ""support appeals""], ""frequent_bias_or_group_mentions"": [""ibn abd al wahab"", ""Muslimskeptic""], ""sarcasm_detected"": false, ""languages_detected"": [""English""], ""spam_comment_count"": 1, ""summary"": ""The comment section includes a mix of support appeals and a personal remark indicating confusion or suspicion regarding the content's stance on a religious figure. There's a notable mention of a language barrier and a single instance of spam."", ""title"": ""\ud83d\udd25 Wahhabism: Uncovering the Hidden Truth"", ""uploader_id"": ""@MuslimSkeptic""}"
@MuslimSkeptic,jiLTkhkVwP4,Rabbi Faris Hammadi Has No Shame,1748971546.8892002,"{""overall_sentiment_distribution"": {""positive"": 2, ""neutral"": 1, ""negative"": 21}, ""dominant_emotions"": [""anger"", ""sarcasm"", ""disgust""], ""toxic_comment_count"": 15, ""controversy_score"": 0.9, ""key_topics"": [""religious criticism"", ""political activism"", ""antisemitism"", ""Islamic scholarship"", ""nationalism""], ""frequent_bias_or_group_mentions"": [""Wahhabi"", ""Shia"", ""Israel"", ""UAE"", ""Muslim scholars""], ""sarcasm_detected"": true, ""languages_detected"": [""English"", ""Arabic""], ""spam_comment_count"": 1, ""summary"": ""The comment section is highly polarized and emotionally charged, with a strong presence of negative sentiments, particularly anger and disgust. There is significant controversy around religious and political topics, with frequent mentions of various Islamic sects and criticism of political stances. Toxicity is prevalent, with a high number of comments exhibiting sarcasm and personal attacks. The discussion also touches on antisemitism and the role of Islamic scholars in contemporary issues."", ""title"": ""Rabbi Faris Hammadi Has No Shame"", ""uploader_id"": ""@MuslimSkeptic""}"
@MuslimSkeptic,dzi66yHoOyA,FINKELSTEIN HUMILIATES ZIONIST | Haqiqat Show Ep. 60,1748971566.7503428,"{""overall_sentiment_distribution"": {""positive"": 8, ""neutral"": 2, ""negative"": 10}, ""dominant_emotions"": [""anger"", ""pride"", ""sarcasm"", ""joy"", ""gratitude""], ""toxic_comment_count"": 4, ""controversy_score"": 0.85, ""key_topics"": [""Islam and Muslims"", ""Zionism"", ""historical conflicts"", ""media propaganda"", ""Palestinian-Israeli conflict""], ""frequent_bias_or_group_mentions"": [""Muslims"", ""Zionists"", ""Western media"", ""Palestinians"", ""Israel""], ""sarcasm_detected"": true, ""languages_detected"": [""English"", ""Arabic"", ""Urdu""], ""spam_comment_count"": 0, ""summary"": ""The comment section is highly polarized with a mix of strong support for Islamic perspectives and harsh criticism of Zionism and Western media. There's a significant presence of gratitude and religious blessings alongside anger and sarcasm, indicating a deeply emotional and contentious discussion. The topics revolve around historical and current conflicts, with a notable emphasis on the Palestinian-Israeli situation and media bias. The section is marked by a high controversy score due to the intense debate and the presence of toxic comments."", ""title"": ""FINKELSTEIN HUMILIATES ZIONIST | Haqiqat Show Ep. 60"", ""uploader_id"": ""@MuslimSkeptic""}"
@MuslimSkeptic,SyB6dj0kkxU,THE END OF JORDAN PETERSON | Haqiqat Show Ep. 59,1748971583.229791,"{""overall_sentiment_distribution"": {""positive"": 4, ""neutral"": 3, ""negative"": 15}, ""dominant_emotions"": [""anger"", ""sarcasm"", ""disappointment"", ""pride""], ""toxic_comment_count"": 5, ""controversy_score"": 0.85, ""key_topics"": [""religion and atheism"", ""Jordan Peterson critique"", ""nationalism and identity"", ""feminism and evolution"", ""media bias and representation""], ""frequent_bias_or_group_mentions"": [""Muslims"", ""Christians"", ""Atheists"", ""Jordan Peterson"", ""feminists""], ""sarcasm_detected"": true, ""languages_detected"": [""English"", ""Arabic""], ""spam_comment_count"": 1, ""summary"": ""The comment section is highly polarized with a strong negative sentiment towards Jordan Peterson, alongside discussions on religion, atheism, and critiques of feminism and media representation. There's a notable presence of toxic comments and sarcasm, indicating a contentious and emotionally charged environment."", ""title"": ""THE END OF JORDAN PETERSON | Haqiqat Show Ep. 59"", ""uploader_id"": ""@MuslimSkeptic""}"
@smiletojannah,yzkkzt595WE,Random Student Just Ended Charlie Kirk‚Äôs Career,1748971598.593676,"{""overall_sentiment_distribution"": {""positive"": 4, ""neutral"": 2, ""negative"": 14}, ""dominant_emotions"": [""anger"", ""sarcasm"", ""joy"", ""disgust""], ""toxic_comment_count"": 8, ""controversy_score"": 0.85, ""key_topics"": [""Israel-Palestine conflict"", ""religious criticism"", ""Charlie Kirk"", ""moral high ground"", ""propaganda"", ""nationalism"", ""truth and misinformation""], ""frequent_bias_or_group_mentions"": [""Muslims"", ""Christians"", ""Zionists"", ""Israel"", ""Palestine"", ""Charlie Kirk"", ""Hamas""], ""sarcasm_detected"": true, ""languages_detected"": [""English""], ""spam_comment_count"": 1, ""summary"": ""The comment section is highly polarized with a strong negative sentiment, dominated by discussions on the Israel-Palestine conflict, criticism of Charlie Kirk, and religious debates. There's a significant presence of toxic comments, sarcasm, and a high level of controversy. The discourse reflects deep divisions and strong emotions, with frequent mentions of various groups and biases."", ""title"": ""Random Student Just Ended Charlie Kirk\u2019s Career"", ""uploader_id"": ""@smiletojannah""}"
@smiletojannah,FfV434-TN7Q,Charlie Kirk‚Äôs Islam Rant BACKFIRES (Muslim Response),1748971615.670961,"{""overall_sentiment_distribution"": {""positive"": 8, ""neutral"": 3, ""negative"": 14}, ""dominant_emotions"": [""anger"", ""sarcasm"", ""joy"", ""disgust""], ""toxic_comment_count"": 7, ""controversy_score"": 0.85, ""key_topics"": [""Islam and West compatibility"", ""criticism of Charlie Kirk"", ""religious nationalism"", ""media bias"", ""immigration""], ""frequent_bias_or_group_mentions"": [""Muslims"", ""Christians"", ""West"", ""Charlie Kirk"", ""Israel""], ""sarcasm_detected"": true, ""languages_detected"": [""English"", ""Arabic""], ""spam_comment_count"": 0, ""summary"": ""The comment section is highly polarized with a strong presence of religious and nationalistic sentiments. There's significant criticism towards Charlie Kirk and the West, alongside defense of Islamic values. The tone ranges from supportive and joyful to angry and sarcastic, with a notable amount of toxicity. The discussion is deeply entrenched in debates over Islam's compatibility with Western values, media bias, and immigration."", ""title"": ""Charlie Kirk\u2019s Islam Rant BACKFIRES (Muslim Response)"", ""uploader_id"": ""@smiletojannah""}"
@smiletojannah,g0QYWoh8hsM,Congressman Goes UNHINGED On GAZA (Reaction),1748971633.653569,"{""overall_sentiment_distribution"": {""positive"": 2, ""neutral"": 1, ""negative"": 27}, ""dominant_emotions"": [""anger"", ""disgust"", ""hate""], ""toxic_comment_count"": 20, ""controversy_score"": 0.9, ""key_topics"": [""genocide"", ""Zionism"", ""Palestine-Israel conflict"", ""US foreign policy"", ""media bias""], ""frequent_bias_or_group_mentions"": [""Zionists"", ""Israel"", ""Palestinians"", ""US Navy"", ""Hamas""], ""sarcasm_detected"": false, ""languages_detected"": [""English"", ""Arabic""], ""spam_comment_count"": 0, ""summary"": ""The comment section is overwhelmingly negative, with a high level of toxicity and controversy. Dominant emotions include anger, disgust, and hate, directed primarily towards Zionists, Israel, and US foreign policy. Key topics revolve around accusations of genocide, the Palestine-Israel conflict, and criticism of media bias. The comments reflect a deep polarization and strong condemnation of perceived injustices, with frequent mentions of specific groups and nationalities. There is no detected sarcasm, and the language used is primarily English with some Arabic."", ""title"": ""Congressman Goes UNHINGED On GAZA (Reaction)"", ""uploader_id"": ""@smiletojannah""}"
@smiletojannah,7_5WdJlXKLo,Pakistan Blames India For School Bus Explosion,1748971648.6806982,"{""overall_sentiment_distribution"": {""positive"": 5, ""neutral"": 2, ""negative"": 13}, ""dominant_emotions"": [""anger"", ""national pride"", ""sarcasm"", ""joy""], ""toxic_comment_count"": 8, ""controversy_score"": 0.85, ""key_topics"": [""nationalism"", ""India-Pakistan relations"", ""terrorism"", ""propaganda"", ""religious solidarity""], ""frequent_bias_or_group_mentions"": [""Pakistan"", ""India"", ""Hindus"", ""Baloch"", ""Zionists"", ""Hamas""], ""sarcasm_detected"": true, ""languages_detected"": [""English"", ""Urdu"", ""Arabic""], ""spam_comment_count"": 1, ""summary"": ""The comment section is highly polarized with strong expressions of national pride, particularly from Pakistani supporters, and significant criticism towards India and Hindus. There's a notable presence of toxic comments, sarcasm, and a high level of controversy surrounding India-Pakistan relations, terrorism accusations, and propaganda. The discussion also touches on religious solidarity and the deportation of Indian nationals from Middle Eastern countries."", ""title"": ""Pakistan Blames India For School Bus Explosion"", ""uploader_id"": ""@smiletojannah""}"
@smiletojannah,pOIEdCZvbrQ,The World Is Turning On Israel,1748971666.183014,"{""overall_sentiment_distribution"": {""positive"": 2, ""neutral"": 1, ""negative"": 21}, ""dominant_emotions"": [""anger"", ""fear"", ""sadness"", ""hope""], ""toxic_comment_count"": 15, ""controversy_score"": 0.9, ""key_topics"": [""Israel-Palestine conflict"", ""biblical prophecy"", ""colonialism"", ""human rights violations"", ""international politics""], ""frequent_bias_or_group_mentions"": [""Israel"", ""Palestine"", ""Britain"", ""France"", ""Canada"", ""USA"", ""Allah"", ""Netanyahu""], ""sarcasm_detected"": true, ""languages_detected"": [""English"", ""Spanish"", ""French"", ""Arabic"", ""Italian""], ""spam_comment_count"": 0, ""summary"": ""The comment section is highly polarized and emotionally charged, with a strong presence of anger and fear, particularly around the Israel-Palestine conflict. There's a significant amount of toxicity, with many comments expressing strong anti-Israel sentiments and accusations of war crimes. Biblical prophecies and colonial histories are frequently cited to support arguments. The controversy score is high, indicating a deeply divided and contentious discussion. Languages used include English, Spanish, French, Arabic, and Italian, reflecting a diverse but predominantly negative engagement with the topic."", ""title"": ""The World Is Turning On Israel"", ""uploader_id"": ""@smiletojannah""}"
@smiletojannah,#NAME?,BBC Cancels Gary Lineker Over ‚ÄúAnti-Semitic‚Äù Emoji,1748971681,"{""overall_sentiment_distribution"": {""positive"": 5, ""neutral"": 2, ""negative"": 18}, ""dominant_emotions"": [""anger"", ""sarcasm"", ""joy"", ""frustration""], ""toxic_comment_count"": 10, ""controversy_score"": 0.85, ""key_topics"": [""Zionism"", ""media bias"", ""free speech"", ""genocide"", ""Islam"", ""BBC"", ""Gary Lineker""], ""frequent_bias_or_group_mentions"": [""Zionists"", ""BBC"", ""Muslims"", ""Jews"", ""Gary Lineker""], ""sarcasm_detected"": true, ""languages_detected"": [""English""], ""spam_comment_count"": 1, ""summary"": ""The comment section is highly polarized, with a strong presence of negative sentiment, particularly around topics of Zionism, media bias, and free speech. There's a significant amount of toxicity and sarcasm, with frequent mentions of the BBC and Gary Lineker. The discussion is emotionally charged, reflecting deep divisions and strong opinions on the issues at hand."", ""title"": ""BBC Cancels Gary Lineker Over \u201cAnti-Semitic\u201d Emoji"", ""uploader_id"": ""@smiletojannah""}"
@smiletojannah,0UtHedAXIkA,Indians Finally Admit Pakistan Won,1748971696.381715,"{""overall_sentiment_distribution"": {""positive"": 3, ""neutral"": 2, ""negative"": 20}, ""dominant_emotions"": [""anger"", ""sarcasm"", ""national pride"", ""disgust""], ""toxic_comment_count"": 15, ""controversy_score"": 0.85, ""key_topics"": [""military conflict between India and Pakistan"", ""nationalism"", ""propaganda and disinformation"", ""international relations"", ""political leadership""], ""frequent_bias_or_group_mentions"": [""Pakistan"", ""India"", ""China"", ""Modi"", ""Trump"", ""BJP""], ""sarcasm_detected"": true, ""languages_detected"": [""English"", ""Urdu""], ""spam_comment_count"": 1, ""summary"": ""The comment section is highly polarized, with a strong presence of negative sentiment and toxicity, primarily revolving around the military and political conflict between India and Pakistan. National pride and sarcasm are prevalent, alongside significant mentions of international relations and criticism of political leaders. The discussion is emotionally charged, with a high controversy score indicating deep divisions among commenters."", ""title"": ""Indians Finally Admit Pakistan Won"", ""uploader_id"": ""@smiletojannah""}"
@smiletojannah,7tqYgfhCwb4,Indians Declare WAR on Aamir Khan,1748971713.3442051,"{""overall_sentiment_distribution"": {""positive"": 5, ""neutral"": 2, ""negative"": 18}, ""dominant_emotions"": [""anger"", ""sarcasm"", ""joy"", ""sadness""], ""toxic_comment_count"": 10, ""controversy_score"": 0.85, ""key_topics"": [""India-Pakistan relations"", ""religious tolerance"", ""media bias"", ""nationalism"", ""Bollywood""], ""frequent_bias_or_group_mentions"": [""Muslims"", ""Hindus"", ""Indians"", ""Pakistanis"", ""Turks"", ""BJP"", ""RSS""], ""sarcasm_detected"": true, ""languages_detected"": [""English"", ""Urdu""], ""spam_comment_count"": 1, ""summary"": ""The comment section is highly polarized, with a strong presence of negative sentiment, particularly around topics of India-Pakistan relations, religious tolerance, and media bias. Sarcasm and anger are prevalent, alongside a notable amount of toxicity. There's a significant focus on Bollywood and political figures, with a mix of national pride and criticism. The discussion reflects deep-seated controversies and a wide range of emotions, from joy to sadness, highlighting the complex dynamics at play."", ""title"": ""Indians Declare WAR on Aamir Khan"", ""uploader_id"": ""@smiletojannah""}"
@smiletojannah,1suta8hYDxo,India Couldn‚Äôt Handle Pakistan‚Äôs Cyber War,1748971729.5453708,"{""overall_sentiment_distribution"": {""positive"": 10, ""neutral"": 3, ""negative"": 8}, ""dominant_emotions"": [""pride"", ""anger"", ""joy"", ""sarcasm""], ""toxic_comment_count"": 5, ""controversy_score"": 0.85, ""key_topics"": [""nationalism"", ""religion"", ""cyber warfare"", ""media bias"", ""terrorism""], ""frequent_bias_or_group_mentions"": [""Pakistan"", ""India"", ""Muslim Ummah"", ""Hindutva"", ""Turkey""], ""sarcasm_detected"": true, ""languages_detected"": [""English"", ""Urdu"", ""Arabic""], ""spam_comment_count"": 1, ""summary"": ""The comment section is highly polarized with strong expressions of national pride, particularly from Pakistani commenters, alongside significant criticism and sarcasm directed towards India and its policies. There's a notable presence of religious solidarity among Muslims, as well as contentious discussions on terrorism and media bias. The section is marked by a high level of toxicity and controversy, with a minor presence of spam."", ""title"": ""India Couldn\u2019t Handle Pakistan\u2019s Cyber War"", ""uploader_id"": ""@smiletojannah""}"
@smiletojannah,Ojm4C0qwhMM,Christian Pilot Crushed India; Hero in Pakistan,1748971747.6702569,"{""overall_sentiment_distribution"": {""positive"": 8, ""neutral"": 3, ""negative"": 5}, ""dominant_emotions"": [""pride"", ""joy"", ""anger"", ""sarcasm""], ""toxic_comment_count"": 3, ""controversy_score"": 0.8, ""key_topics"": [""nationalism"", ""religion"", ""military"", ""international relations"", ""social media misinformation""], ""frequent_bias_or_group_mentions"": [""Pakistan"", ""India"", ""Hindus"", ""Israelis"", ""Baluch"", ""Modi"", ""Pakistan Army"", ""Pakistan Air Force""], ""sarcasm_detected"": true, ""languages_detected"": [""English"", ""Urdu"", ""Indonesian"", ""Arabic""], ""spam_comment_count"": 1, ""summary"": ""The comment section is highly polarized with a strong sense of national pride among Pakistanis, alongside significant controversy involving India and other nations. Emotions range from joy and love to anger and sarcasm, with a notable presence of toxic comments. The discussion spans nationalism, religion, military achievements, and international relations, with a mix of supportive and derogatory remarks towards various groups and countries."", ""title"": ""Christian Pilot Crushed India; Hero in Pakistan"", ""uploader_id"": ""@smiletojannah""}"
@smiletojannah,ItK0890LP-g,India‚Äôs MELTDOWN Against Turkey,1748971762.767314,"{""overall_sentiment_distribution"": {""positive"": 5, ""neutral"": 3, ""negative"": 12}, ""dominant_emotions"": [""anger"", ""pride"", ""sarcasm"", ""joy""], ""toxic_comment_count"": 6, ""controversy_score"": 0.85, ""key_topics"": [""nationalism"", ""religious unity"", ""international relations"", ""historical support"", ""tourism""], ""frequent_bias_or_group_mentions"": [""Pakistan"", ""India"", ""T\u00fcrkiye"", ""China"", ""Muslims""], ""sarcasm_detected"": true, ""languages_detected"": [""English"", ""Urdu"", ""French"", ""Turkish""], ""spam_comment_count"": 1, ""summary"": ""The comment section is highly polarized, with strong expressions of national pride and solidarity among Pakistan, T\u00fcrkiye, and the broader Muslim community. There's significant criticism towards India, including sarcastic and toxic remarks. The discussion also touches on historical support, religious unity, and the impact of tourism, reflecting a complex interplay of emotions and biases."", ""title"": ""India\u2019s MELTDOWN Against Turkey"", ""uploader_id"": ""@smiletojannah""}"
@smiletojannah,dIAMoGzeut0,USA Just Turned on Israel- It‚Äôs Getting Ugly,1748971775,"{""overall_sentiment_distribution"": {""positive"": 0, ""neutral"": 1, ""negative"": 0}, ""dominant_emotions"": [""curiosity"", ""skepticism""], ""toxic_comment_count"": 0, ""controversy_score"": 0.5, ""key_topics"": [""political strategy"", ""voter perception"", ""genuineness of actions""], ""frequent_bias_or_group_mentions"": [""Trump"", ""voters""], ""sarcasm_detected"": false, ""languages_detected"": [""English""], ""spam_comment_count"": 0, ""summary"": ""The comment section reflects a neutral to skeptical inquiry into the motivations behind a political figure's actions, with a focus on understanding voter dynamics and the authenticity of political strategies."", ""title"": ""USA Just Turned on Israel- It\u2019s Getting Ugly"", ""uploader_id"": ""@smiletojannah""}"
@smiletojannah,feMoy5ioaeU,The Internet HATES India After What They Did,1748971786.829207,"{""overall_sentiment_distribution"": {""positive"": 1, ""neutral"": 0, ""negative"": 0}, ""dominant_emotions"": [""support""], ""toxic_comment_count"": 0, ""controversy_score"": 0.0, ""key_topics"": [""support for creator""], ""frequent_bias_or_group_mentions"": [""Patreon""], ""sarcasm_detected"": false, ""languages_detected"": [""English""], ""spam_comment_count"": 1, ""summary"": ""The comment is positive, aiming to support the creator through Patreon, but it also counts as spam due to the external link."", ""title"": ""The Internet HATES India After What They Did"", ""uploader_id"": ""@smiletojannah""}"
@smiletojannah,Slx5ZH5NZBM,India Begs To Stop After Humiliation,1748971801.151791,"{""overall_sentiment_distribution"": {""positive"": 5, ""neutral"": 2, ""negative"": 18}, ""dominant_emotions"": [""anger"", ""sarcasm"", ""joy"", ""national pride""], ""toxic_comment_count"": 10, ""controversy_score"": 0.9, ""key_topics"": [""India-Pakistan relations"", ""nationalism"", ""religion"", ""media bias"", ""military conflicts""], ""frequent_bias_or_group_mentions"": [""Pakistan"", ""India"", ""Israel"", ""Muslim Ummah"", ""Kashmir""], ""sarcasm_detected"": true, ""languages_detected"": [""English"", ""Urdu"", ""Arabic""], ""spam_comment_count"": 0, ""summary"": ""The comment section is highly polarized with a strong presence of nationalistic sentiments, particularly between India and Pakistan. There's a significant amount of toxicity, sarcasm, and religious references, indicating a deeply divided and emotionally charged discussion. The controversy score is high, reflecting the contentious nature of the topics discussed."", ""title"": ""India Begs To Stop After Humiliation"", ""uploader_id"": ""@smiletojannah""}"
@smiletojannah,aGkNouIMzFY,India Took Over Pakistan In 1 Night...,1748971822,"{""overall_sentiment_distribution"": {""positive"": 2, ""neutral"": 1, ""negative"": 22}, ""dominant_emotions"": [""anger"", ""sarcasm"", ""disgust""], ""toxic_comment_count"": 18, ""controversy_score"": 0.9, ""key_topics"": [""India-Pakistan relations"", ""Modi and BJP criticism"", ""fake news"", ""religious nationalism""], ""frequent_bias_or_group_mentions"": [""India"", ""Pakistan"", ""Modi"", ""BJP"", ""Muslims"", ""China""], ""sarcasm_detected"": true, ""languages_detected"": [""English"", ""Urdu"", ""Chinese""], ""spam_comment_count"": 0, ""summary"": ""The comment section is highly polarized and negative, with a strong focus on criticizing India, its media, and political leadership. There's a significant presence of toxic comments, sarcasm, and religious nationalism, indicating a deeply contentious and emotionally charged discussion."", ""title"": ""India Took Over Pakistan In 1 Night..."", ""uploader_id"": ""@smiletojannah""}"
@smiletojannah,4XaMJrS9DvY,Pakistan Just Humiliated India on the World Stage,1748971839.986584,"{""overall_sentiment_distribution"": {""positive"": 4, ""neutral"": 2, ""negative"": 14}, ""dominant_emotions"": [""anger"", ""pride"", ""sarcasm"", ""joy""], ""toxic_comment_count"": 8, ""controversy_score"": 0.85, ""key_topics"": [""India-Pakistan relations"", ""military capabilities"", ""political manipulation"", ""nationalism"", ""terrorism""], ""frequent_bias_or_group_mentions"": [""India"", ""Pakistan"", ""Modi"", ""China"", ""BJP""], ""sarcasm_detected"": true, ""languages_detected"": [""English"", ""Urdu""], ""spam_comment_count"": 1, ""summary"": ""The comment section is highly polarized with a strong presence of nationalistic sentiments, particularly from Pakistani commentators. There is a significant amount of criticism directed towards India, its political leadership, and military capabilities, alongside sarcastic and toxic remarks. The discussion also touches on geopolitical tensions, terrorism, and the role of China in supporting Pakistan. The overall tone is confrontational, with a high controversy score indicating deep divisions among commentators."", ""title"": ""Pakistan Just Humiliated India on the World Stage"", ""uploader_id"": ""@smiletojannah""}"
@smiletojannah,6xhUFLlG_58,"India Banned Me ‚Äì Now They're Targeting Children, Women & Mosques in Pakistan",1748971853.988389,"{""overall_sentiment_distribution"": {""positive"": 2, ""neutral"": 1, ""negative"": 17}, ""dominant_emotions"": [""anger"", ""sarcasm"", ""pride""], ""toxic_comment_count"": 10, ""controversy_score"": 0.9, ""key_topics"": [""censorship"", ""nationalism"", ""terrorism"", ""media bias"", ""international relations""], ""frequent_bias_or_group_mentions"": [""India"", ""Pakistan"", ""terrorism"", ""Modi"", ""Pakistani army""], ""sarcasm_detected"": true, ""languages_detected"": [""English"", ""Urdu""], ""spam_comment_count"": 0, ""summary"": ""The comment section is highly polarized with a strong negative sentiment, dominated by discussions on nationalism, terrorism, and media censorship. There's a significant amount of toxicity and sarcasm, reflecting deep-seated tensions between India and Pakistan. The controversy score is high, indicating a heated debate with little common ground."", ""title"": ""India Banned Me \u2013 Now They're Targeting Children, Women & Mosques in Pakistan"", ""uploader_id"": ""@smiletojannah""}"
@smiletojannah,x84vLClrXHw,India Got Attacked‚Ä¶ So They Banned TV Shows ü§°,1748971870,"{""overall_sentiment_distribution"": {""positive"": 2, ""neutral"": 1, ""negative"": 21}, ""dominant_emotions"": [""anger"", ""sarcasm"", ""joy"", ""disgust""], ""toxic_comment_count"": 15, ""controversy_score"": 0.9, ""key_topics"": [""Kashmir conflict"", ""India-Pakistan relations"", ""Hindu nationalism"", ""political leadership"", ""religious sentiments"", ""media bias"", ""international politics""], ""frequent_bias_or_group_mentions"": [""Pakistan"", ""India"", ""Modi"", ""Hindutva"", ""Muslims"", ""Zionism"", ""Palestine""], ""sarcasm_detected"": true, ""languages_detected"": [""English""], ""spam_comment_count"": 0, ""summary"": ""The comment section is highly polarized and emotionally charged, with a strong presence of negative sentiment, particularly anger and sarcasm, directed towards political figures and national identities. There's a significant amount of toxicity, with comments often mocking or disparaging individuals and groups. The discussion revolves around the India-Pakistan conflict, religious and political ideologies, and media representation, indicating a high level of controversy and division among commenters."", ""title"": ""India Got Attacked\u2026 So They Banned TV Shows \ud83e\udd21"", ""uploader_id"": ""@smiletojannah""}"
@smiletojannah,JTcydTXWh6A,Livestream Q&A- Ask Me Anything,1748971883.8313322,"{""overall_sentiment_distribution"": {""positive"": 5, ""neutral"": 2, ""negative"": 1}, ""dominant_emotions"": [""joy"", ""curiosity"", ""concern""], ""toxic_comment_count"": 0, ""controversy_score"": 0.3, ""key_topics"": [""video content requests"", ""Islamic teachings"", ""community issues"", ""technical inquiries""], ""frequent_bias_or_group_mentions"": [""Muslims"", ""Turkish speakers"", ""UK community""], ""sarcasm_detected"": false, ""languages_detected"": [""English"", ""Turkish""], ""spam_comment_count"": 0, ""summary"": ""The comment section is largely positive, with viewers expressing appreciation for the content and asking for more. There are inquiries about video production, requests for Turkish translations, and discussions on Islamic teachings. A notable concern is raised about the silence of Muslim scholars on specific community issues. The overall tone is supportive and inquisitive, with a strong sense of community and shared faith."", ""title"": ""Livestream Q&A- Ask Me Anything"", ""uploader_id"": ""@smiletojannah""}"
@smiletojannah,IsqAu9bt9tI,LIVE Q&A- SATURDAY CHILL SESSION,1748971897.0365849,"{""overall_sentiment_distribution"": {""positive"": 4, ""neutral"": 3, ""negative"": 3}, ""dominant_emotions"": [""joy"", ""anger"", ""disgust""], ""toxic_comment_count"": 2, ""controversy_score"": 0.6, ""key_topics"": [""religion"", ""education"", ""streaming services"", ""cultural identity"", ""relationships""], ""frequent_bias_or_group_mentions"": [""Muslims"", ""Ex muslims"", ""Hindutva"", ""Pakistani""], ""sarcasm_detected"": true, ""languages_detected"": [""English""], ""spam_comment_count"": 0, ""summary"": ""The comment section displays a mix of positive support, critical opinions, and sarcastic remarks. Topics range from religious identity and practices to critiques of content and personal habits. There's a notable presence of toxic comments and a moderate level of controversy, with discussions on cultural and religious identities being prominent."", ""title"": ""LIVE Q&A- SATURDAY CHILL SESSION"", ""uploader_id"": ""@smiletojannah""}"
@smiletojannah,jGSm0wWxhxw,First Ever Solo Livestream Q&A,1748971916.007919,"{""overall_sentiment_distribution"": {""positive"": 8, ""neutral"": 3, ""negative"": 2}, ""dominant_emotions"": [""love"", ""excitement"", ""disappointment"", ""support"", ""pride""], ""toxic_comment_count"": 0, ""controversy_score"": 0.3, ""key_topics"": [""Islamic scholarship"", ""historical achievements of Muslims"", ""Palestine"", ""Shia-Sunni relations"", ""Andrew Tate"", ""livestream notifications""], ""frequent_bias_or_group_mentions"": [""Shia"", ""Sunni"", ""Palestine"", ""Indian govt."", ""Andrew Tate""], ""sarcasm_detected"": false, ""languages_detected"": [""English""], ""spam_comment_count"": 0, ""summary"": ""The comment section is overwhelmingly positive, filled with expressions of love, support, and excitement for the content creator. There's a strong sense of community and shared interest in Islamic scholarship, historical achievements, and current issues affecting Muslims worldwide. A few comments express disappointment over missing livestreams or seek clarification on certain topics, but the overall tone is supportive and engaging."", ""title"": ""First Ever Solo Livestream Q&A"", ""uploader_id"": ""@smiletojannah""}"
@smiletojannah,NbpK63NPvC0,Was Khabib Rude For This? üòÖ,1748971930.888257,"{""overall_sentiment_distribution"": {""positive"": 4, ""neutral"": 5, ""negative"": 11}, ""dominant_emotions"": [""anger"", ""sarcasm"", ""joy"", ""frustration""], ""toxic_comment_count"": 6, ""controversy_score"": 0.85, ""key_topics"": [""gender separation in Islam"", ""cultural differences in greetings"", ""nationalism"", ""religion and customs"", ""criticism of European norms""], ""frequent_bias_or_group_mentions"": [""Muslims"", ""Europeans"", ""Christians"", ""Pakistanis"", ""Indians""], ""sarcasm_detected"": true, ""languages_detected"": [""English""], ""spam_comment_count"": 0, ""summary"": ""The comment section is highly polarized, with a strong presence of negative sentiment due to discussions on cultural and religious practices, particularly around gender separation in Islam and criticism of European customs. There's notable sarcasm and toxicity, alongside some positive remarks. The controversy score is high, reflecting the divisive nature of the topics discussed."", ""title"": ""Was Khabib Rude For This? \ud83d\ude05"", ""uploader_id"": ""@smiletojannah""}"